Framework,Architecture,# Layers,# Parameters,Testing Size,Accuracy Loss (%),Avg Memory Usage (MB),Std Memory Usage,Avg Proving Time (s),Std Proving Time,Notes
circomlib-ml (tensorflow),Input-Dense-Dense (196x25x10),3,5185,2500,0.0,998.735128125,8.040169563463648,1.1694816182136536,0.1084907231971162,non-linear constraints: 18075
circomlib-ml (tensorflow),Input-Dense-Dense (784x56x10),3,44543,2500,0.04,2328.3224109375,34.436486094939525,2.351284250640869,0.1471131820052062,non-linear constraints: 73416
ezkl (pytorch),Input-Dense-Dense (196x25x10),3,5185,2500,0.02666666666666664,2616.87932265625,1081.227781953129,19.14905614344279,8.710526377897478,mode=accuracy | Combined 0-2500
ezkl (pytorch),Input-Dense-Dense (784x56x10),3,44543,2500,0.0,4807.18358828125,1719.0850921556596,38.01049669950803,14.2439372127979,mode=accuracy | Combined 0-2500
zkml (tensorflow),Input-Dense-Dense (196x25x10),3,5185,2500,0.06,2331.704791927083,12.335300742362184,20.99934337067604,0.294183256688111,Combined 0-2500
zkml (tensorflow),Input-Dense-Dense (784x56x10),3,44543,2500,0.0,2355.045955208333,11.750075689547986,21.730601939582826,0.3170963857982319,Combined 0-2500
opml (pytorch),input-dense-dense (196x25x10),3,5185,2500,3.4000000000000004,72.0850109375,3.6633336331398594,0.7951358239173889,0.0685262991938739,
opml (pytorch),Input-Dense-Dense (784x56x10),3,44543,2500,0.72,89.1208828125,2.254391994649578,3.6099741178512574,0.4217317863649381,
